Symbol,Side,Type,Qty,Limit Price,Stop Price,Fill Price,Status,Commission,Leverage,Margin,Placing Time,Closing Time,Order ID
CME_MINI:ES1!,Sell,Market,2,,,5905.75,Filled,,,,2025-06-03 10:41:02,2025-06-03 10:41:02,1000009
CME_MINI:ES1!,Buy,Limit,2,5912.50,,5912.50,Filled,,,,2025-06-03 10:05:40,2025-06-03 10:22:13,1000008
CME_MINI:NQ1!,Buy,Stop,1,,21540.00,,Cancelled,,,,2025-06-03 09:58:11,2025-06-03 10:01:00,1000007
CME_MINI:NQ1!,Buy,Market,2,,,21495.25,Filled,,,,2025-06-03 09:52:30,2025-06-03 09:52:30,1000006
CME_MINI:NQ1!,Sell,Market,1,,,21510.00,Filled,,,,2025-06-03 09:47:05,2025-06-03 09:47:05,1000005
CME_MINI:NQ1!,Sell,Market,1,,,21520.50,Filled,,,,2025-06-03 09:44:18,2025-06-03 09:44:18,1000004
CME_MINI:NQ1!,Sell,Limit,2,21470.00,,21470.00,Filled,,,,2025-06-02 09:45:00,2025-06-02 09:51:44,1000003
CME_MINI:NQ1!,Buy,Market,1,,,21455.25,Filled,,,,2025-06-02 09:35:12,2025-06-02 09:35:12,1000002
CME_MINI:NQ1!,Buy,Market,1,,,21440.00,Filled,,,,2025-06-02 09:31:05,2025-06-02 09:31:05,1000001
